{" Alanahalli Village": 0.06333333333333334, " Gaddige Road": 0.06333333333333334, " Hulikere": 0.03, " KC Layout": 0.04, " Saraswathipuram": 0.0675, " Vivekananda Nagar": 0.06333333333333334, "Allanahalli Layout": 0.11875, "BEML": 0.057499999999999996, "Bannimantap": 0.06292331796416717, "Basavanahalli": 0.07, "Bogadi": 0.060351712415806454, "Chamarajapuram": 0.0701602564102564, "Dattagalli": 0.07656113077189891, "Deepanagar": 0.06, "Fort Mohalla": 0.08499999999999999, "Gayathripuram": 0.055833333333333304, "Gokulam": 0.06812821656998362, "Hanchya": 0.059090909090909, "Hebbal": 0.07888834842599603, "Hinkal": 0.04666666666666667, "Hootagalli": 0.061953726918356766, "Hulikere": 0.052064819782208734, "Huyilalu": 0.04, "Ittige Gudu": 0.0724603174603174, "JP Nagar": 0.05714437397487067, "JSS Layout": 0.04666666666666667, "Jayalakshmipuram": 0.07010130718954251, "Jayanagar": 0.07337648211895195, "Jss Layout": 0.1041666666666666, "KRS Road": 0.04627509522621846, "Kalyanagiri": 0.06982713658142838, "Kesare": 0.06215355805243445, "Kuvempunagar": 0.07985846970367097, "Lakshmipuram": 0.05291393725463574, "Madagalli": 0.06, "Mandi Mohalla": 0.03823072139303475, "Metagalli": 0.045000000000000005, "N R Mohalla": 0.05716666666666665, "Nanjangud": 0.08303398058252423, "Niveditha Nagar": 0.10000000000000002, "Police layout": 0.0732758620689655, "RS Naidu Nagar": 0.06155555555555553, "Rajarajeshwari Nagar": 0.07500000000000001, "Rajendra Nagar": 0.05, "Rajiv Nagar": 0.06309382396509951, "Ramakrishnanagar": 0.08888888888888886, "Saraswathipuram": 0.11548148148148145, "Sardar Vallabh Bhai Patel Nagar": 0.0020833333333333, "Sardar Vallabh Bhai Patel Nagara": 0.055, "Sathagalli Layout": 0.017076699934255125, "Sharadadevi Nagar": 0.0081666666666666, "Siddarthanagar": 0.054135135135135126, "Somanatha Nagar": 0.054705882352941194, "Srirampura": 0.07375773046314892, "Srirangapatna": 0.0341789215686274, "Udayagiri": 0.10255078683834047, "VV Mohalla": 0.05829996037942041, "Vidyaranyapuram": 0.04870138624884599, "Vijayanagar": 0.18100075492319953, "Vishweshwara Nagar": 0.03263888888888885, "Vivekananda Nagar": 0.0566666666666666, "Yadavagiri": 0.10490663019837697, "Yaraganahalli": 0.056369269225503546, "Yelawala": 0.05875537508833712}